date,commit,conformance_tests,panic_tests,unit_tests,text_bytes,compiled_methods,kernel_loc,compiler_loc
2026-10-03T21:53:14-04:00,6337e76,73,0,91,1477,15,179,1974
2026-10-03T21:55:59-04:00,4d11870,73,0,91,1477,15,179,1974
2026-10-03T22:00:27-04:00,41a9a01,83,0,91,1477,15,217,2012
2026-10-03T22:02:02-04:00,aed58ec,95,0,91,1477,15,262,2066
2026-10-03T22:10:24-04:00,00f30db,103,0,94,1477,15,271,2246
2026-10-03T22:12:50-04:00,ca9616f,110,8,94,1477,15,350,2351
2026-10-03T22:17:21-04:00,0e9c794,122,8,94,1477,15,367,2454
2026-10-03T22:20:43-04:00,eb2586a,148,8,98,1477,15,909,2497
2026-10-03T22:23:56-04:00,356fe98,155,8,99,1477,15,909,2585
2026-10-03T22:27:19-04:00,8057e84,175,8,99,8437,46,1354,2589
2026-10-03T22:30:43-04:00,da7979f,192,8,99,8437,46,1432,2813
2026-10-03T22:37:01-04:00,467a017,192,12,118,22693,73,1595,2985
2026-10-03T22:43:22-04:00,b7b0ed9,192,13,118,27109,158,1689,3058
2026-10-03T22:47:41-04:00,cbf72fe,214,14,122,39333,275,2148,3133
2026-10-03T22:50:08-04:00,1e2abcb,218,15,122,42163,285,2161,3201
2026-10-03T22:56:20-04:00,1762ada,218,15,122,42163,285,2161,3201
2026-10-03T23:31:51-04:00,48e6997,225,15,123,39379,305,2290,3479
2026-10-03T23:34:44-04:00,8cf3a7b,225,15,124,42339,323,2424,3490
2026-10-03T23:37:16-04:00,cbc8b6e,225,15,124,49171,377,2636,3516
2026-10-03T23:55:32-04:00,e9c19ad,225,15,124,51507,396,2722,3517
2026-10-03T23:59:18-04:00,856f9bc,225,15,125,61875,669,3124,3972
2026-10-04T00:05:58-04:00,ab01e7a,225,16,133,63043,678,3180,4032
2026-10-04T00:12:08-04:00,2ae6f04,225,16,133,64755,687,3254,4032
2026-10-04T00:15:24-04:00,803f7a7,245,16,133,64755,687,4807,4032
2026-10-04T00:20:21-04:00,701d6da,245,16,133,64755,687,4807,4032
2026-10-04T01:18:19-04:00,3b7e20a,245,16,133,78355,846,5061,4032
2026-10-04T01:22:26-04:00,228ec97,245,16,133,82483,933,5253,4032
2026-10-04T01:34:16-04:00,20d668e,246,16,133,91619,1049,5531,4032
2026-10-04T01:38:47-04:00,0c48148,246,16,133,94035,1088,5914,4032
2026-10-04T19:29:22-04:00,9476407,246,16,133,94035,1088,5914,4032
2026-10-04T19:33:42-04:00,664a840,246,16,133,94035,1088,5914,4032
2026-10-04T19:46:55-04:00,8b383a9,246,16,133,94035,1088,5914,4032
2026-10-04T20:07:34-04:00,55861d4,246,16,133,94035,1088,5914,4032
2026-10-04T21:47:39-04:00,a11d427,246,16,133,94035,1088,5927,4032
2026-10-04T22:12:50-04:00,f9e42ed,246,16,133,94035,1088,5927,4032
2026-10-05T14:45:57-04:00,b2703dd,247,16,133,96835,1103,6024,4032
2026-10-05T14:53:05-04:00,82a87c3,248,16,133,96835,1103,6024,4032
2026-10-05T15:27:18-04:00,df11ac0,255,16,133,107889,1223,6535,4124
2026-10-05T18:50:43-04:00,25ddb93,255,16,150,107889,1223,6535,6532
2026-10-05T20:05:27-04:00,4641176,255,16,151,107905,1223,6537,6544
2026-10-05T21:58:08-04:00,5fd28c0,262,16,151,110865,1256,6851,6597
2026-10-05T22:06:36-04:00,14ed086,263,16,151,112321,1268,6887,6630
2026-10-06T09:20:18-04:00,2d7df5b,263,16,154,112321,1268,6887,6683
2026-10-06T09:27:06-04:00,00dda21,263,16,158,112321,1268,8057,7417
2026-10-06T10:12:58-04:00,736e2a5,263,16,158,112321,1268,8057,7417
2026-10-06T10:46:28-04:00,626a152,263,16,159,198299,2134,8193,7425
2026-10-06T11:38:54-04:00,0da581b,263,16,159,198299,2134,8193,7425
2026-10-06T11:52:53-04:00,750a3d3,263,16,163,199972,2134,8198,7467
2026-10-06T13:06:51-04:00,f4d4516,263,16,163,199972,2134,8198,7467
2026-10-06T13:29:51-04:00,6824467,263,16,163,204420,2170,8367,7518
2026-10-06T14:18:00-04:00,c263e60,263,16,163,228676,2423,8844,7588
2026-10-06T14:23:52-04:00,72c56f2,263,16,164,238836,2522,8959,7672
2026-10-06T14:33:52-04:00,55ca6e4,263,16,167,238836,2522,8963,7994
2026-10-06T14:38:41-04:00,1e7c5ea,263,16,167,240196,2539,9082,8147
2026-10-06T14:43:19-04:00,605db66,263,16,169,240196,2539,9122,8466
2026-10-06T14:50:02-04:00,da2972f,263,16,169,262564,2763,9505,8487
